adm1,Reff,cases_per_100k_x,cases_per_100k_y,cases_per_100k_change,admin1Pcod,admin1RefN
SO22,1.020999999465442,0.7252659088043071,0.8174915647045986,12,SO22,Banadir
SO17,1.0218043783475643,14.30886474280658,15.156761098917036,5,SO17,Nugaal
SO13,1.0213332906164614,2.2730901799235474,2.291036242043317,0,SO13,Togdheer
SO12,1.0212429234222131,2.2694101561869613,2.2742998271353287,0,SO12,Woqooyi Galbeed
SO11,1.0214923922116992,2.26640547838066,2.2541452920075633,0,SO11,Awdal
SO15,1.0218276339032162,2.2682175402120497,2.208149703870733,-2,SO15,Sanaag
SO16,1.0219460812722028,14.242151487153029,13.418873339216795,-5,SO16,Bari
