adm1,Reff,cases_per_100k_x,cases_per_100k_y,cases_per_100k_change,admin1Pcod,admin1RefN
SO22,0.9254999999997384,14.384060941306084,15.579355703840092,8,SO22,Banadir
SO14,0.994975010018125,12.093504564574587,12.668692608197668,4,SO14,Sool
SO17,0.983745520951619,19.56714403810628,20.33893744733199,3,SO17,Nugaal
SO12,0.9962585835214576,12.099155852766962,12.037197693489698,0,SO12,Woqooyi Galbeed
SO13,0.9932600105089342,12.092382948339315,11.988552160360653,0,SO13,Togdheer
SO11,0.9983786277457264,12.102847314642654,11.585483167885599,-4,SO11,Awdal
SO16,1.0082662998482832,19.566390491903203,18.011911762512728,-7,SO16,Bari
SO15,1.0166249389963398,12.093336654425045,10.977703559928377,-9,SO15,Sanaag
