adm1,Reff,cases_per_100k_today,cases_per_100k_inTWOweeks,cases_per_100k_change,admin1Pcod,admin1RefN
SO22,1.004,1.862628404376252,1.8155338954450495,-2,SO22,Banadir
SO12,1.0040835227284302,1.5230990095196513,1.4302287523975703,-6,SO12,Woqooyi Galbeed
SO13,1.0040816001303303,1.526231010276771,1.43277164780888,-6,SO13,Togdheer
SO28,1.0042423342902744,2.9892569579255195,2.7639591325077126,-7,SO28,Lower Juba
SO26,1.0043029253025884,2.990589102943213,2.7557325201834866,-7,SO26,Gedo
SO27,1.0042480156137168,2.9892272434409497,2.7291002603054304,-8,SO27,Middle Juba
SO17,1.0041990428424732,44.86032667531752,39.21870002970507,-12,SO17,Nugaal
SO16,1.0042435646234302,44.852183645110685,39.0637382065313,-12,SO16,Bari
