adm1,Reff,cases_per_100k_today,cases_per_100k_inTWOweeks,cases_per_100k_change,admin1Pcod,admin1RefN
SO22,1.004,0.856732625787351,0.8261827136568827,-3,SO22,Banadir
SO28,1.0042985535768232,2.7996695226895763,2.5624062380708867,-8,SO28,Lower Juba
SO26,1.0043552937029507,2.7991173569001853,2.559271517918037,-8,SO26,Gedo
SO27,1.004262741625538,2.7992680501096308,2.5376523585624238,-9,SO27,Middle Juba
SO17,1.004254441055448,7.8384146880696735,6.737848994659487,-14,SO17,Nugaal
SO16,1.0042939743546202,7.836817148317069,6.705094550252558,-14,SO16,Bari
