adm1,Reff,cases_per_100k_today,cases_per_100k_inTWOweeks,cases_per_100k_change,admin1Pcod,admin1RefN
SO22,1.0080000000000002,2.3518720271751583,2.1885726682463997,-6,SO22,Banadir
SO12,1.0083644140336188,8.996760108718336,8.310431158410799,-7,SO12,Woqooyi Galbeed
SO13,1.0083494865383993,8.994240042389993,8.300985993360714,-7,SO13,Togdheer
SO14,1.008608122639202,8.995710671124034,8.187472299481255,-8,SO14,Sool
SO15,1.0085592530336536,8.994151524010233,8.09532303998164,-9,SO15,Sanaag
SO11,1.0084018309115554,8.994418523432726,8.030422074378803,-10,SO11,Awdal
SO17,1.0085218984737818,42.823864692178304,36.520727815952284,-14,SO17,Nugaal
SO16,1.0085892956469829,42.824136749379115,36.268275606207375,-15,SO16,Bari
