adm1,Reff,cases_per_100k_x,cases_per_100k_y,cases_per_100k_change,admin1Pcod,admin1RefN
SO13,0.9931184798450132,7.562109325371106,2.0643798081280447,-72,SO13,Togdheer
SO12,1.000246274863969,7.663922884525242,2.08336822387064,-72,SO12,Woqooyi Galbeed
SO11,1.0054792076685746,7.583396817390481,1.9776623711065584,-73,SO11,Awdal
SO16,1.0312258064004534,5.497061514147131,1.4038903347092464,-74,SO16,Bari
SO22,0.8430000002206819,2.6090462660523825,0.6593231250368264,-74,SO22,Banadir
SO15,1.0511469660085238,7.5253790942883025,1.8800532275282933,-75,SO15,Sanaag
