adm1,Reff,cases_per_100k_x,cases_per_100k_y,cases_per_100k_change,ADM1_PCODE,ADM1_FR
CD41,1.0928627331456462,1.1532886049329774,1.3545110823345992,17,CD41,Equateur
CD42,1.0901987888093283,0.4467812264993976,0.51911824386384,16,CD42,Sud-Ubangi
CD54,1.0919146542585714,0.611993308163953,0.70602009522275,15,CD54,Ituri
CD72,1.0915381887381626,7.654572150381613,8.815634699795282,15,CD72,Lualaba
CD62,1.0921446255694107,4.3427667264399945,4.992034814118892,14,CD62,Sud-Kivu
CD61,1.0900293988635537,6.534085793174618,7.488321988527657,14,CD61,Nord-Kivu
CD53,1.0914966140008728,2.031765087106451,2.3139069198341184,13,CD53,Haut-Uele
CD20,1.0922561550954597,5.783198541608063,6.5738252667531505,13,CD20,Kongo-Central
CD10,1.0820000001767631,49.49139723357634,53.05531674991683,7,CD10,Kinshasa
