adm1,Reff,cases_per_100k_today,cases_per_100k_inTWOweeks,cases_per_100k_change,ADM1_PCODE,ADM1_FR
CD20,1.016111823867251,0.05584744755986961,0.0865265936107167,54,CD20,Kongo-Central
CD54,1.0159114682006332,2.986352582204535,3.105521875130662,3,CD54,Ituri
CD53,1.0160462362150104,2.8788844014075714,2.9909206215241717,3,CD53,Haut-Uele
CD42,1.0155936991391874,0.4326232635344262,0.4493669622504853,3,CD42,Sud-Ubangi
CD62,1.0160847572432303,0.4683627382567936,0.4862893783070059,3,CD62,Sud-Kivu
CD51,1.0161354936232088,0.3573364205171084,0.3691479970026422,3,CD51,Tshopo
CD61,1.0158659444403328,8.226775581821133,8.487126499901773,3,CD61,Nord-Kivu
CD43,1.0158509218473597,0.31682364197953866,0.3266913867886937,3,CD43,Nord-Ubangi
CD10,1.014,8.091729666560568,7.909550799858737,-2,CD10,Kinshasa
