adm1,Reff,cases_per_100k_x,cases_per_100k_y,cases_per_100k_change,ADM1_PCODE,ADM1_FR
CD71,1.048164734978098,1.1851241114704316,1.2385257500858942,4,CD71,Haut-Katanga
CD51,1.0498786983395172,3.6533822024098064,3.768508839990365,3,CD51,Tshopo
CD32,1.0479094949570569,0.5466565291206034,0.5621072514283627,2,CD32,Kwilu
CD62,1.0487982558194022,2.0043734502933748,2.052340700254061,2,CD62,Sud-Kivu
CD54,1.0491895767813797,6.292375633029006,6.404774996671455,1,CD54,Ituri
CD53,1.048331329308322,1.8006639879375568,1.8322175383527333,1,CD53,Haut-Uele
CD61,1.0477583254947085,7.971868798353064,8.056583348588518,1,CD61,Nord-Kivu
CD10,1.0440000000000005,47.41156199981914,44.97617452152994,-5,CD10,Kinshasa
