adm1,Reff,cases_per_100k_x,cases_per_100k_y,cases_per_100k_change,ADM1_PCODE,ADM1_FR
CD61,1.0900100172467295,6.748185414947188,6.9508925547770515,3,CD61,Nord-Kivu
CD41,1.092862732788089,1.2014510105455118,1.2356093114857445,2,CD41,Equateur
CD42,1.0901987869681569,0.4649237658676843,0.4769834678543142,2,CD42,Sud-Ubangi
CD54,1.0919146536609041,0.6346009544105711,0.6484293321683263,2,CD54,Ituri
CD62,1.0921446254203782,4.5540180803991115,4.603980572941099,1,CD62,Sud-Kivu
CD53,1.0914966143755338,2.1332130699422414,2.1520064369677234,0,CD53,Haut-Uele
CD72,1.0915077680583254,8.038064112110701,8.102109450731488,0,CD72,Lualaba
CD20,1.092256151423886,6.057769510596893,6.098287942578557,0,CD20,Kongo-Central
CD10,1.0820000000883818,53.71456850859374,50.149472748841816,-6,CD10,Kinshasa
