adm1,Reff,cases_per_100k_today,cases_per_100k_inTWOweeks,cases_per_100k_change,ADM1_PCODE,ADM1_FR
CD54,1.0203629874972795,2.8735513512657165,2.9966671919389403,4,CD54,Ituri
CD53,1.020553929852955,2.7834394362893904,2.886154387688697,3,CD53,Haut-Uele
CD62,1.020624650469991,0.4536630969193948,0.4703070813854651,3,CD62,Sud-Kivu
CD61,1.020321143984504,7.948811287052753,8.239251439738053,3,CD61,Nord-Kivu
CD10,1.018000000166308,8.272830310135255,8.134458342152069,-1,CD10,Kinshasa
