adm1,Reff,cases_per_100k_today,cases_active_today,cases_per_100k_inTWOweeks,cases_active_inTWOweeks,cases_per_100k_change,ADM1_PCODE,ADM1_FR
CD20,1.016111823867251,0.05584744755986961,1.3225,0.0865265936107167,2.049,54.933837429111534,CD20,Kongo-Central
CD54,1.0159114682006332,2.986352582204535,144.90800000000004,3.105521875130662,150.6905,3.990462935831779,CD54,Ituri
CD53,1.0160462362150104,2.8788844014075714,47.7175,2.9909206215241717,49.5745,3.891654005343962,CD53,Haut-Uele
CD42,1.0155936991391874,0.4326232635344262,10.206,0.4493669622504853,10.600999999999999,3.87027238879092,CD42,Sud-Ubangi
CD62,1.0160847572432303,0.4683627382567936,23.0045,0.4862893783070059,23.885,3.8275120085200975,CD62,Sud-Kivu
CD51,1.0161354936232088,0.3573364205171084,9.8625,0.3691479970026422,10.1885,3.3054499366286447,CD51,Tshopo
CD61,1.0158659444403328,8.226775581821133,603.695,8.487126499901773,622.8000000000002,3.1646775275594283,CD61,Nord-Kivu
CD43,1.0158509218473597,0.31682364197953866,3.9010000000000002,0.3266913867886937,4.0225,3.1145860035888098,CD43,Nord-Ubangi
CD10,1.014,8.091729666560568,495.3095,7.909550799858737,484.158,-2.2514205764274724,CD10,Kinshasa
