adm1,Reff,cases_per_100k_today,cases_per_100k_inTWOweeks,cases_per_100k_change,ADM1_PCODE,ADM1_FR
CD62,1.026291885662173,0.4169547131269972,0.4188277975217023,0,CD62,Sud-Kivu
CD53,1.0262267325716523,1.5337559438902555,1.5360183877536764,0,CD53,Haut-Uele
CD20,1.0263075629111449,0.7521986135209959,0.7517763265800719,0,CD20,Kongo-Central
CD43,1.025937452660357,1.7476466393070245,1.7376570704878795,0,CD43,Nord-Ubangi
CD54,1.026004462508531,2.1205642314509894,2.1041597776416947,0,CD54,Ituri
CD72,1.0259141809800731,1.7807883614519482,1.746688158785847,-1,CD72,Lualaba
CD61,1.0258596995511269,12.460908691216572,12.218430069867821,-1,CD61,Nord-Kivu
CD10,1.0230000001671244,8.881258551410086,8.143990814798846,-8,CD10,Kinshasa
