adm1,Reff,cases_per_100k_x,cases_per_100k_y,cases_per_100k_change,ADM1_PCODE,ADM1_FR
CD20,1.3669302835190942,13.384384592588336,26.520738950424924,98,CD20,Kongo-Central
CD53,1.3655606249878822,2.708839122267153,5.2676028015035135,94,CD53,Haut-Uele
CD62,1.3676410058013828,37.10578318872539,72.14822129076994,94,CD62,Sud-Kivu
CD54,1.36054237448859,0.31912433926696643,0.6131164774559432,92,CD54,Ituri
CD72,1.360079037767976,15.805348416962898,30.328548317435388,91,CD72,Lualaba
CD51,1.368213981794426,1.7699611131742723,3.3778029055339767,90,CD51,Tshopo
CD61,1.3614434012682899,5.617106829438041,9.533340634097279,69,CD61,Nord-Kivu
CD71,1.3598463053085257,6.5590347180426765,10.293690350042775,56,CD71,Haut-Katanga
CD10,1.3224999999999183,40.857884950698136,13.897993879646776,-65,CD10,Kinshasa
