adm1,Reff,cases_per_100k_x,cases_per_100k_y,cases_per_100k_change,ADM1_PCODE,ADM1_FR
CD41,1.0928627342917996,1.1496145242394842,1.2653214423113872,10,CD41,Equateur
CD42,1.090198788355765,0.44608180617328375,0.4877291074100635,9,CD42,Sud-Ubangi
CD61,1.0900100178438128,6.5334861888618425,7.0927534842310935,8,CD61,Nord-Kivu
CD54,1.0919146537782878,0.6126836966278368,0.6627935339392812,8,CD54,Ituri
CD62,1.0921446244054518,4.343886505205199,4.6948658894477955,8,CD62,Sud-Kivu
CD72,1.0915077673599238,7.715911123711437,8.310181182218859,7,CD72,Lualaba
CD20,1.0922561514346545,5.8108583362385895,6.239247323459009,7,CD20,Kongo-Central
CD53,1.091496614302532,2.0504076245410383,2.190648978154952,6,CD53,Haut-Uele
CD10,1.0820000000000003,50.95761731934859,50.84674820946453,0,CD10,Kinshasa
