adm1,Reff,cases_per_100k_x,cases_per_100k_y,cases_per_100k_change,ADM1_PCODE,ADM1_FR
CD43,1.0519886114111534,1.6095794279855131,1.6635068564075624,3,CD43,Nord-Ubangi
CD54,1.0520637624435203,2.161657801501751,2.2272137926409057,3,CD54,Ituri
CD20,1.0528913303909961,7.246274991480637,7.4006419827354275,2,CD20,Kongo-Central
CD61,1.0518438371957792,15.331350810173396,15.642388733739557,2,CD61,Nord-Kivu
CD62,1.0526854520738744,1.0358971558827912,1.0549232150842935,1,CD62,Sud-Kivu
CD53,1.0525039974731485,3.907753372736833,3.9704381507126785,1,CD53,Haut-Uele
CD72,1.052012383305202,3.0010247919626782,3.0350613154454638,1,CD72,Lualaba
CD10,1.0469999998289548,23.3544272908878,22.09040671488271,-5,CD10,Kinshasa
