adm1,Reff,cases_per_100k_today,cases_per_100k_inTWOweeks,cases_per_100k_change,ADM1_PCODE,ADM1_EN
SD15,1.036146519737544,6.262805576450965,8.121354191303057,29,SD15,Aj Jazirah
SD01,1.035929358736364,110.52274958001708,128.64286518058375,16,SD01,Khartoum
SD12,1.0365509514747888,2.2601385835897796,2.6299719283107037,16,SD12,Gedaref
SD13,1.0364282663338114,0.9146447518434552,1.0526181705502564,15,SD13,North Kordofan
SD11,1.036535431219448,9.086896466932297,10.107990436837216,11,SD11,Kassala
SD10,1.036326737713127,33.124638037186166,34.153426459402056,3,SD10,Red Sea
SD16,1.0360190299728698,99.88203300105472,102.7046908547784,2,SD16,River Nile
SD17,1.0364946644715751,120.42014551254722,119.67587876201117,0,SD17,Northern
