adm1,Reff,cases_per_100k_today,cases_per_100k_inTWOweeks,cases_per_100k_change,ADM1_PCODE,ADM1_EN
SD15,1.0203432591521633,2.1316290122278705,3.5607984383535896,67,SD15,Aj Jazirah
SD01,1.0202380151378807,128.6551304166964,147.78606420908943,14,SD01,Khartoum
SD16,1.0202420252714677,5.017423545496624,5.709766808673991,13,SD16,River Nile
SD09,1.020485803070789,12.67923173149232,13.908372622181602,9,SD09,White Nile
SD14,1.0204177532107412,52.140710698966416,53.805810928645954,3,SD14,Sennar
SD10,1.0204586272100649,6.325842570062343,6.478041831594223,2,SD10,Red Sea
SD17,1.020547202298347,38.351750021139225,38.442618854006966,0,SD17,Northern
