adm1,Reff,cases_per_100k_today,cases_per_100k_inTWOweeks,cases_per_100k_change,ADM1_PCODE,ADM1_EN
SD15,1.007011665261057,3.2626700350294864,4.255214677503888,30,SD15,Aj Jazirah
SD01,1.006985734221909,76.42073119647542,85.67273427283567,12,SD01,Khartoum
SD12,1.0070951859217936,5.2382936797319575,5.540601362612663,5,SD12,Gedaref
SD16,1.0070184441335819,6.263543469214024,6.520662224107766,4,SD16,River Nile
SD13,1.0070695153207296,2.7461138766856896,2.8278669329838264,2,SD13,North Kordofan
SD04,1.0070045557177487,2.0594883092540317,2.0968399621327096,1,SD04,West Darfur
SD10,1.0070554709968171,12.692477954843696,12.630653825143092,0,SD10,Red Sea
SD17,1.0070944824339374,8.223683656988104,8.105239336009952,-1,SD17,Northern
