adm1,Reff,cases_per_100k_x,cases_per_100k_y,cases_per_100k_change,ADM1_PCODE,ADM1_EN
SD01,0.9819174536453305,129.94561271084032,152.54528405104125,17,SD01,Khartoum
SD09,1.047612442419995,24.043430076622986,27.4987073950506,14,SD09,White Nile
SD13,1.0520433425698097,6.343663517362495,7.172957109740134,13,SD13,North Kordofan
SD02,1.0549883945936285,2.2778874555107875,2.5601822915823496,12,SD02,North Darfur
SD04,1.055307062186945,5.867574994086229,6.567357536990983,11,SD04,West Darfur
SD10,1.052287928150623,26.381066037880412,29.471835976088123,11,SD10,Red Sea
SD18,1.0560499633382234,20.82701673653414,23.102844580685396,10,SD18,West Kordofan
SD17,1.052871881510102,128.13737367899873,141.78707730383312,10,SD17,Northern
