adm1,Reff,cases_per_100k_today,cases_per_100k_inTWOweeks,cases_per_100k_change,ADM1_PCODE,ADM1_EN
SS02,1.0064537713334591,1.2244337806588814,1.2627483266801898,3,SS02,Eastern Equatoria
SS01,1.0063653368134955,1.0293921910131525,0.9782927217006264,-4,SS01,Central Equatoria
