adm1,Reff,cases_per_100k_x,cases_per_100k_y,cases_per_100k_change,ADM1_PCODE,ADM1_EN
SS03,1.0687774894251234,1.390374846774535,1.6736694442908315,20,SS03,Jonglei
SS01,1.047589224956866,19.120324706046663,18.446427956237045,-3,SS01,Central Equatoria
