adm1,Reff,cases_per_100k_x,cases_per_100k_y,cases_per_100k_change,ADM1_PCODE,ADM1_EN
SS09,1.0204716397433542,4.107264064838144,4.027404638379688,-1,SS09,Western Bahr el Ghazal
SS01,1.02046432656948,25.10568508525655,20.87175198723052,-16,SS01,Central Equatoria
