adm1,Reff,cases_per_100k_today,cases_per_100k_inTWOweeks,cases_per_100k_change,ADM1_PCODE,ADM1_EN
SS02,1.009054631838722,1.3283785255491498,1.2381278322205889,-6,SS02,Eastern Equatoria
SS01,1.0089167296137822,1.2326696382569544,1.0402363233816958,-15,SS01,Central Equatoria
