adm1,Reff,cases_per_100k_today,cases_per_100k_inTWOweeks,cases_per_100k_change,ADM1_PCODE,ADM1_EN
SS02,1.0085140842809903,1.227419172730573,1.2744239896002478,3,SS02,Eastern Equatoria
SS01,1.0083581422884331,1.0331536240920731,0.9838948560690036,-4,SS01,Central Equatoria
