adm1,Reff,cases_per_100k_x,cases_per_100k_y,cases_per_100k_change,ADM1_PCODE,ADM1_EN
SS07,1.0403842682271869,9.18538462946457,9.560516791468336,4,SS07,Upper Nile
SS01,1.0204700777754478,11.476812582961061,10.368470304238153,-9,SS01,Central Equatoria
