adm1,Reff,cases_per_100k_x,cases_per_100k_y,cases_per_100k_change,ADM1_PCODE,ADM1_EN
SS07,1.040384269224153,9.55210084358852,9.437016491220183,-1,SS07,Upper Nile
SS01,1.020470075726291,12.144146822786304,10.388958109928216,-14,SS01,Central Equatoria
