adm1,Reff,cases_per_100k_x,cases_per_100k_y,cases_per_100k_change,ADM1_PCODE,ADM1_EN
SS07,1.0403842677087842,9.126771785354864,9.933756610161849,8,SS07,Upper Nile
SS01,1.020470078161595,10.728487476483428,10.417008797015592,-2,SS01,Central Equatoria
