adm1,Reff,cases_per_100k_today,cases_active_today,cases_per_100k_inTWOweeks,cases_active_inTWOweeks,cases_per_100k_change,ADM1_PCODE,ADM1_EN
SS02,1.0140034959903252,0.01142184416092634,0.4725,0.05877717265035427,2.4315,414.6031746031746,SS02,Eastern Equatoria
SS01,1.013800562512153,8.575027023555782,107.14700000000002,7.135638624084923,89.16149999999998,-16.785817648350584,SS01,Central Equatoria
