adm1,Reff,cases_per_100k_x,cases_per_100k_y,cases_per_100k_change,ADM1_PCODE,ADM1_EN
SS02,1.0350448081381398,0.5003976100838029,0.5912042871844253,18,SS02,Eastern Equatoria
SS07,1.0354039632184555,2.1014472460370253,2.1239561738428114,1,SS07,Upper Nile
SS01,1.034439142060763,10.258708494073538,9.068935191756578,-11,SS01,Central Equatoria
